70001,Shan Yao Toufu,Fried to golden brown/ topped with pickled radish and leafy vegetable,14.0,Starters
70002,Nonya Curry Fish,"Signature favourite with mix of spices cooked to a fragrant curry broth of soy protein ""fish"" and fresh vegetables",15.0,Main_Course
70003,Roast Duck,Hand-made traditional signature/ toufu skin and braised mushroom,15.0,Main_Course
70004,Black Sesame Paste,Glossy/ jet-black color and uniquely rice nutty flavor,4.0,Desserts
70005,Ice Lemon Tea,Served in a glass with ice,3.0,Drinks
70006,Ice Flower Tea,Served in a glass with ice,3.0,Drinks
